headline,date,value
Rory Gaffney’s brace puts Shamrock Rovers 10-points clear as attention turns to big European date,2025-08-03
"Pizza for pope survived van breakdown, TSA security and more drama before finally reaching Catholic leader",2025-08-03
US trade advisor says Trump tariff rates are ‘pretty much set’ after deadline was pushed back,2025-08-03
Researchers watched 150 episodes of Bluey – they found it can teach kids about resilience for real life,2025-08-03
We’re not minimising the cost of the net zero transition. These reforms will help,2025-08-03
Economists want a carbon price comeback – but does Australia have the political courage?,2025-08-03
"The 15 Best Adventure Movies Of All Time, Ranked",2025-08-03
‘I Have To Break The Cycle.’ Lindsay Lohan Gets Real About Being Limited To Certain Roles In Hollywood,2025-08-03
Spurs eye Rodrygo to replace Son - Monday's gossip,2025-08-03
"Nearly 9 in 10 Americans Are Fed Up With Tipping, According To a New Survey",2025-08-03
Soulja Boy arrested on suspicion of weapons charge during a traffic stop,2025-08-03
Are South Australian journalists ‘hysterical’ about ambulance ramping?,2025-08-03
Hamas says it's ready to respond to Red Cross demands on hostages,2025-08-03
2 Healthcare Stocks That Have Doubled Over the Last Year but Still Have Room to Run,2025-08-03
"Radioactive wasp nests at SC nuclear weapons site raise worries about possible contamination, leaks",2025-08-03
"N6 aka Hexanitrogen synthesized for the first time, twice as energy dense as TNT",2025-08-03
How Many Rental Properties Do You Need to Retire?,2025-08-03
The Long Walk Writer Reveals He Was Terrified Stephen King Would Hate the Movie (He Likes It!),2025-08-03
7 Wild Facts About ’90s Daytime Talk Shows,2025-08-03
7 Wild Facts About ’90s Daytime Talk Shows,2025-08-03
"Before Street Racing, ‘Ben-Hur’ Defined Cinematic Speed",2025-08-03
"Ark Invest Splashes $47-M On Coinbase, BitMine Shares After US Stock Market Drawdown",2025-08-03
Disney Just Dropped 3 MAJOR Announcements — Including A NEW Dining Experience!,2025-08-03
Garmin® Venu® X1 Thin and Lightweight GPS Smartwatch with an Advanced AMOLED Display,2025-08-03
"No, the Vatican didn’t summon ‘hot priests’ to Rome in a bid to drive up attendance",2025-08-03
"Mother-in-law Linda uses emergency spare key to completely rearrange woman’s kitchen while she’s at work, leaving the homeowner unable to find basic items: ‘Turns out Linda had come over to ""help out"" while Mark was also at work’",2025-08-03
The Chi’s Yolanda Ross Breaks Down Her Heartbreaking Exit in the Season 7 Finale: ‘We All Lost It’,2025-08-03
"Te Papa forecasts $13m deficit, downgrades visitor targets",2025-08-03
Microsoft Study Says These Jobs Are Not Likely To Be Replaced By AI,2025-08-03
"Brazil's Bolsonaro supporters protest against Supreme Court, President Lula",2025-08-03
Sarah Michelle Gellar Starts Training For ‘Buffy’ Reboot With New Star Ryan Kiera Armstrong,2025-08-03
Need more mushroom-based intrigue? Consume this fatal attraction flick,2025-08-03
All 60 Doctor Who Companions From 1963 to 2025 (& When They Were Last Seen),2025-08-03
20 Celebrity Cat Pawrents Who Can’t Live Without Their Feline Fur Babies,2025-08-03
Oprah Winfrey returns to Auckland for one-off show at Spark Arena,2025-08-03
"TEM INVESTOR ALERT: Bronstein, Gewirtz & Grossman LLC Announces that Tempus AI, Inc. Investors with Substantial Losses Have Opportunity to Lead Class Action Lawsuit",2025-08-03
"AUGUST 11 DEADLINE: Rocket Pharmaceuticals, Inc. Investors with Substantial Losses Have Opportunity to Lead Class Action Lawsuit - RGRD Law",2025-08-03
“I’d go insane if my husband failed this bad”: Dad gets dragged for failing to recognize his own baby during a switcheroo prank,2025-08-03
Hande Sever Tells a Story of War and Art,2025-08-03
VIDEO: My Portugal Trip: Magical Sintra,2025-08-03
$200M Trump Ballroom Proposal Looks a Lot Like Versailles,2025-08-03
Illinois becomes 1st state to require student mental health screenings,2025-08-03
"Trump, tech giants want to make it easier to share health records: What it means for you - NewsBreak",2025-08-03
Disney’s Space Mountain Just Got a ‘Fantastic’ Glow-Up,2025-08-03
1990 Citroen BX 19TZI 5-Speed,2025-08-03
"Dublin manager Paul Casey: ‘I think everybody played close to their best. To do it on this day of all days is very, very satisfying’",2025-08-03
Trump's health reaches new low as he begins to look 'deeply unhealthy' - NewsBreak,2025-08-03
"Happy 100th birthday, Marv Levy",2025-08-03
U.S. Army Aviators Get Experience on MV-22 in Preparation for MV-75,2025-08-03
Popular roller disco nixed at NYC park — and locals are wheely fuming,2025-08-03
"Berkshire takes $3.8 billion Kraft Heinz writedown, profit falls",2025-08-03
Florian Wirtz Growing Connections with Liverpool Squad on and off Pitch,2025-08-03
Barcelona make transfer stance known amid Casadó & Fermín rumours,2025-08-03
Freshwater loss from land is the lead driver of sea-level rise,2025-08-03
"YouTuber Styropyro Built The World’s Most Powerful Handheld Laser, And Its Strength Is Both Incredible And Terrifying",2025-08-03
China Is Quietly Preparing to Fight Musk’s Starlink Satellites in Space,2025-08-03
Who is Angie the ICE chaser? (Barf alert),2025-08-03
The Dollar Is Dead,2025-08-03
Disrupted sleep damages blood vessels in brain and may increase dementia risk,2025-08-03
Ukrainian drone hits major oil depot in southern Russian city of Sochi,2025-08-03
Score $110 off the Legion Tab Gen 3 gaming tablet,2025-08-03
RFK Jr announces new plan to share Americans' health data with Big Tech firms despite past comments - NewsBreak,2025-08-03
Disney World Wipes Out Forest Area Near The Magic Kingdom,2025-08-03
"Funding shortfall threatens position as top swimming nation, coaches say",2025-08-03
I’m a Car Expert: 3 Trucks That Aren’t Worth the Money,2025-08-03
Small earthquake recorded in Canada's most seismically active fault zone,2025-08-03
"GameSir G7 Pro Review: Yes Sir, It’s A Game-Changing Pro Controller",2025-08-03
Responding to President Trump’s recent executive orders on drones,2025-08-03
"Samsung DeX on the Galaxy Z Flip 7 is great, but I'll never use it",2025-08-03
Blue Jays’ Shane Bieber shines in rehab start for Triple-A Buffalo after trade from Guardians,2025-08-03
[Linkpost] Avatar’s Dirty Secret: Nature Is Just Fancy Infrastructure,2025-08-03
Fantastic Four: Ioan Gruffudd On Original Trilogy Plans,2025-08-03
Real Madrid Playmaker Is Generating Interest From Saudi Arabia: Should Alonso Cash In On Him?,2025-08-03
Book Review: Booze & Vinyl Country,2025-08-03
Jessica Chastain Enrolls at Harvard for Masters Program. What She’s Studying,2025-08-03
How Air India crash victim's grieving family discovered remains mix-up,2025-08-03
5 Essential Things to Start Doing for Your Happiness and Personal Growth,2025-08-03
"Coco Gauff in a Slump, Opens Up About Rival, a Teen Canadian Who Eliminated Her in Straight Sets",2025-08-03
"Beyond Trump’s trade deals, consolation for the little guy and other commentary",2025-08-03
"Top-10 burgers list deals blow to McDonald's, Burger King",2025-08-03
studio baudequinmaldes’ sensory installations interact poetically with nature in france,2025-08-03
"Bitcoin Treasury Companies Are ‘Logical’ As Government Severely Devalues $37,000,000,000,000 US Debt: Macro Guru Luke Gromen",2025-08-03
7 Marvel Movies That End Immediately if The Punisher Is Added,2025-08-03
"In the real world, climate hawks are facing extinction",2025-08-03
"'Perilous' 90,000-strong bridge march does little to quell police fears",2025-08-03
Business Cycle Indicators – A Turning Point?,2025-08-03
"Apple Secretly Building ChatGPT Rival, Report Says",2025-08-03
What to know about the earthquake that shook the New York area Saturday night,2025-08-03
"India to maintain Russian oil imports despite Trump threats, government sources say",2025-08-03
Amanda Kloots Is Trying To Shift Mindsets About Pain And Recovery,2025-08-03
'She's given everything. This is a cherry on the top' - Dublin's retiring multi-sport star,2025-08-03
Bitfinex Whale Buys 300 $BTC Per Day During Crypto Market Crash,2025-08-03
WWE SummerSlam 2025: What Time Does Night 2 Start On Sunday?,2025-08-03
convai-innovations added to PyPI,2025-08-03
"Jury's order for Tesla to pay $243 million in Autopilot crash will 'send shock waves' throughout the industry, analyst says",2025-08-03
Experts Raise Concerns Over Trump’s White House Ballroom Renovation Plans,2025-08-03
To My Beloved Jewish People,2025-08-03
Daily Rome Shot 1406,2025-08-03
